ID,Nom,Date de début,Date de fin,Durée,Avancée,Coût,Priorité,Responsable,Prédécesseurs,Numéro hiérarchique,Ressources,Assignments,Nouvelle tâche,Notes,Lien internet
0,Réunions de suivi,27/01/2025,28/01/2026,366,0,0,1,,,1,,,#000000,,
1,  réunion 1,27/01/2025,27/01/2025,1,0,0,1,,,1.1,,,,,
2,  réunion 2,03/02/2025,03/02/2025,1,0,0,1,,,1.2,,,,,
3,  réunion 3,10/02/2025,10/02/2025,1,0,0,1,,,1.3,,,,,
4,  réunion 4,17/02/2025,17/02/2025,1,0,0,1,,,1.4,,,,,
5,  réunion 5,24/02/2025,24/02/2025,1,0,0,1,,,1.5,,,,,
6,  réunion 6,03/03/2025,03/03/2025,1,0,0,1,,,1.6,,,,,
7,  réunion 7,10/03/2025,10/03/2025,1,0,0,1,,,1.7,,,,,
8,  réunion 8,17/03/2025,17/03/2025,1,0,0,1,,,1.8,,,,,
9,  réunion 9,24/03/2025,24/03/2025,1,0,0,1,,,1.9,,,,,
10,  réunion 10,31/03/2025,31/03/2025,1,0,0,1,,,1.10,,,,,
11,  réunion 11,07/04/2025,07/04/2025,1,0,0,1,,,1.11,,,,,
12,  réunion 12,14/04/2025,14/04/2025,1,0,0,1,,,1.12,,,,,
13,  réunion 13,21/04/2025,21/04/2025,1,0,0,1,,,1.13,,,,,
14,  réunion 14,28/04/2025,28/04/2025,1,0,0,1,,,1.14,,,,,
15,  réunion 15,05/05/2025,05/05/2025,1,0,0,1,,,1.15,,,,,
16,  réunion 16,12/05/2025,12/05/2025,1,0,0,1,,,1.16,,,,,
17,  réunion 17,19/05/2025,19/05/2025,1,0,0,1,,,1.17,,,,,
18,  réunion 18,26/05/2025,26/05/2025,1,0,0,1,,,1.18,,,,,
19,  réunion 19,02/06/2025,02/06/2025,1,0,0,1,,,1.19,,,,,
20,  réunion 20,09/06/2025,09/06/2025,1,0,0,1,,,1.20,,,,,
21,  réunion 21,16/06/2025,16/06/2025,1,0,0,1,,,1.21,,,,,
22,  réunion 22,23/06/2025,23/06/2025,1,0,0,1,,,1.22,,,,,
23,  réunion 23,30/06/2025,30/06/2025,1,0,0,1,,,1.23,,,,,
24,  réunion 24,07/07/2025,07/07/2025,1,0,0,1,,,1.24,,,,,
25,  réunion 25,14/07/2025,14/07/2025,1,0,0,1,,,1.25,,,,,
26,  réunion 26,21/07/2025,21/07/2025,1,0,0,1,,,1.26,,,,,
27,  réunion 27,28/07/2025,28/07/2025,1,0,0,1,,,1.27,,,,,
28,  réunion 28,04/08/2025,04/08/2025,1,0,0,1,,,1.28,,,,,
29,  réunion 29,11/08/2025,11/08/2025,1,0,0,1,,,1.29,,,,,
30,  réunion 30,18/08/2025,18/08/2025,1,0,0,1,,,1.30,,,,,
31,  réunion 31,25/08/2025,25/08/2025,1,0,0,1,,,1.31,,,,,
32,  réunion 32,01/09/2025,01/09/2025,1,0,0,1,,,1.32,,,,,
33,  réunion 33,08/09/2025,08/09/2025,1,0,0,1,,,1.33,,,,,
34,  réunion 34,15/09/2025,15/09/2025,1,0,0,1,,,1.34,,,,,
35,  réunion 35,22/09/2025,22/09/2025,1,0,0,1,,,1.35,,,,,
36,  réunion 36,29/09/2025,29/09/2025,1,0,0,1,,,1.36,,,,,
37,  réunion 37,06/10/2025,06/10/2025,1,0,0,1,,,1.37,,,,,
38,  réunion 38,13/10/2025,13/10/2025,1,0,0,1,,,1.38,,,,,
39,  réunion 39,20/10/2025,20/10/2025,1,0,0,1,,,1.39,,,,,
40,  réunion 40,27/10/2025,27/10/2025,1,0,0,1,,,1.40,,,,,
41,  réunion 41,03/11/2025,03/11/2025,1,0,0,1,,,1.41,,,,,
42,  réunion 42,10/11/2025,10/11/2025,1,0,0,1,,,1.42,,,,,
43,  réunion 43,17/11/2025,17/11/2025,1,0,0,1,,,1.43,,,,,
44,  réunion 44,24/11/2025,24/11/2025,1,0,0,1,,,1.44,,,,,
45,  réunion 45,01/12/2025,01/12/2025,1,0,0,1,,,1.45,,,,,
46,  réunion 46,08/12/2025,08/12/2025,1,0,0,1,,,1.46,,,,,
47,  réunion 47,15/12/2025,15/12/2025,1,0,0,1,,,1.47,,,,,
48,  réunion 48,22/12/2025,22/12/2025,1,0,0,1,,,1.48,,,,,
49,  réunion 49,29/12/2025,29/12/2025,1,0,0,1,,,1.49,,,,,
50,  réunion 50,05/01/2026,05/01/2026,1,0,0,1,,,1.50,,,,,
51,  réunion 51,12/01/2026,12/01/2026,1,0,0,1,,,1.51,,,,,
52,  réunion 52,19/01/2026,19/01/2026,1,0,0,1,,,1.52,,,,,
,,26/01/2026,26/01/2026,,,,,,,,,,,,
