id,Url,"Resource class",properties_small
,http://localhost/omk_deleuze/s/cours-bnf/item/72915,bibo:Conference,
,http://localhost/omk_deleuze/s/cours-bnf/item/72914,bibo:Conference,
,http://localhost/omk_deleuze/s/cours-bnf/item/72913,skos:Concept,
,http://localhost/omk_deleuze/s/cours-bnf/item/72912,bibo:Conference,
,http://localhost/omk_deleuze/s/cours-bnf/item/72911,bibo:Conference,
,http://localhost/omk_deleuze/s/cours-bnf/item/72910,bibo:Conference,
,http://localhost/omk_deleuze/s/cours-bnf/item/72909,skos:Concept,
,http://localhost/omk_deleuze/s/cours-bnf/item/72908,bibo:Conference,
,http://localhost/omk_deleuze/s/cours-bnf/item/72907,bibo:Conference,
,http://localhost/omk_deleuze/s/cours-bnf/item/72906,bibo:Conference,
,http://localhost/omk_deleuze/s/cours-bnf/item/72905,skos:Concept,
,http://localhost/omk_deleuze/s/cours-bnf/item/72904,bibo:Conference,
,http://localhost/omk_deleuze/s/cours-bnf/item/72903,bibo:Conference,
,http://localhost/omk_deleuze/s/cours-bnf/item/72902,bibo:Conference,
,http://localhost/omk_deleuze/s/cours-bnf/item/72901,bibo:Conference,
,http://localhost/omk_deleuze/s/cours-bnf/item/72900,skos:Concept,
,http://localhost/omk_deleuze/s/cours-bnf/item/72899,bibo:Conference,
,http://localhost/omk_deleuze/s/cours-bnf/item/72898,skos:Concept,
,http://localhost/omk_deleuze/s/cours-bnf/item/72897,bibo:Conference,
,http://localhost/omk_deleuze/s/cours-bnf/item/72896,bibo:Conference,
,http://localhost/omk_deleuze/s/cours-bnf/item/72895,bibo:Conference,
,http://localhost/omk_deleuze/s/cours-bnf/item/72894,bibo:Conference,
,http://localhost/omk_deleuze/s/cours-bnf/item/72893,bibo:Conference,
,http://localhost/omk_deleuze/s/cours-bnf/item/72892,bibo:Conference,
,http://localhost/omk_deleuze/s/cours-bnf/item/72891,bibo:Conference,
,http://localhost/omk_deleuze/s/cours-bnf/item/72890,bibo:Conference,
,http://localhost/omk_deleuze/s/cours-bnf/item/72889,bibo:Conference,
,http://localhost/omk_deleuze/s/cours-bnf/item/72888,bibo:Conference,
,http://localhost/omk_deleuze/s/cours-bnf/item/72887,bibo:Conference,
,http://localhost/omk_deleuze/s/cours-bnf/item/72886,bibo:Conference,
,http://localhost/omk_deleuze/s/cours-bnf/item/72885,bibo:Conference,
,http://localhost/omk_deleuze/s/cours-bnf/item/72884,bibo:Conference,
,http://localhost/omk_deleuze/s/cours-bnf/item/72883,bibo:Conference,
,http://localhost/omk_deleuze/s/cours-bnf/item/72882,bibo:Conference,
,http://localhost/omk_deleuze/s/cours-bnf/item/72881,bibo:Conference,
,http://localhost/omk_deleuze/s/cours-bnf/item/72880,bibo:Conference,
,http://localhost/omk_deleuze/s/cours-bnf/item/72879,bibo:Conference,
,http://localhost/omk_deleuze/s/cours-bnf/item/72878,bibo:Conference,
,http://localhost/omk_deleuze/s/cours-bnf/item/72877,bibo:Conference,
,http://localhost/omk_deleuze/s/cours-bnf/item/72876,bibo:Conference,
,http://localhost/omk_deleuze/s/cours-bnf/item/72875,bibo:Conference,
,http://localhost/omk_deleuze/s/cours-bnf/item/72874,bibo:Conference,
,http://localhost/omk_deleuze/s/cours-bnf/item/72873,skos:Concept,
,http://localhost/omk_deleuze/s/cours-bnf/item/72872,skos:Concept,
,http://localhost/omk_deleuze/s/cours-bnf/item/72871,bibo:Conference,
,http://localhost/omk_deleuze/s/cours-bnf/item/72870,bibo:Conference,
,http://localhost/omk_deleuze/s/cours-bnf/item/72869,skos:Concept,
,http://localhost/omk_deleuze/s/cours-bnf/item/72868,bibo:Conference,
,http://localhost/omk_deleuze/s/cours-bnf/item/72867,skos:Concept,
,http://localhost/omk_deleuze/s/cours-bnf/item/72866,bibo:Conference,
,http://localhost/omk_deleuze/s/cours-bnf/item/72865,bibo:Conference,
,http://localhost/omk_deleuze/s/cours-bnf/item/72864,skos:Concept,
,http://localhost/omk_deleuze/s/cours-bnf/item/72863,bibo:Conference,
,http://localhost/omk_deleuze/s/cours-bnf/item/72862,skos:Concept,
,http://localhost/omk_deleuze/s/cours-bnf/item/72861,bibo:Conference,
,http://localhost/omk_deleuze/s/cours-bnf/item/72860,skos:Concept,
,http://localhost/omk_deleuze/s/cours-bnf/item/72859,skos:Concept,
,http://localhost/omk_deleuze/s/cours-bnf/item/72858,bibo:Conference,
,http://localhost/omk_deleuze/s/cours-bnf/item/72857,bibo:Conference,
,http://localhost/omk_deleuze/s/cours-bnf/item/72856,bibo:Conference,
,http://localhost/omk_deleuze/s/cours-bnf/item/72855,skos:Concept,
,http://localhost/omk_deleuze/s/cours-bnf/item/72854,bibo:Conference,
,http://localhost/omk_deleuze/s/cours-bnf/item/72853,bibo:Conference,
,http://localhost/omk_deleuze/s/cours-bnf/item/72852,skos:Concept,
,http://localhost/omk_deleuze/s/cours-bnf/item/72851,bibo:Conference,
,http://localhost/omk_deleuze/s/cours-bnf/item/72850,skos:Concept,
,http://localhost/omk_deleuze/s/cours-bnf/item/72849,skos:Concept,
,http://localhost/omk_deleuze/s/cours-bnf/item/72848,bibo:Conference,
,http://localhost/omk_deleuze/s/cours-bnf/item/72847,skos:Concept,
,http://localhost/omk_deleuze/s/cours-bnf/item/72846,skos:Concept,
,http://localhost/omk_deleuze/s/cours-bnf/item/72845,bibo:Conference,
,http://localhost/omk_deleuze/s/cours-bnf/item/72844,skos:Concept,
,http://localhost/omk_deleuze/s/cours-bnf/item/72843,bibo:Conference,
,http://localhost/omk_deleuze/s/cours-bnf/item/72842,skos:Concept,
,http://localhost/omk_deleuze/s/cours-bnf/item/72841,bibo:Conference,
,http://localhost/omk_deleuze/s/cours-bnf/item/72840,skos:Concept,
,http://localhost/omk_deleuze/s/cours-bnf/item/72839,bibo:Conference,
,http://localhost/omk_deleuze/s/cours-bnf/item/72838,bibo:Conference,
,http://localhost/omk_deleuze/s/cours-bnf/item/72837,skos:Concept,
,http://localhost/omk_deleuze/s/cours-bnf/item/72836,bibo:Conference,
,http://localhost/omk_deleuze/s/cours-bnf/item/72835,bibo:Conference,
,http://localhost/omk_deleuze/s/cours-bnf/item/72834,bibo:Conference,
,http://localhost/omk_deleuze/s/cours-bnf/item/72833,bibo:Conference,
,http://localhost/omk_deleuze/s/cours-bnf/item/72832,bibo:Conference,
,http://localhost/omk_deleuze/s/cours-bnf/item/72831,skos:Concept,
,http://localhost/omk_deleuze/s/cours-bnf/item/72830,bibo:Conference,
,http://localhost/omk_deleuze/s/cours-bnf/item/72829,skos:Concept,
,http://localhost/omk_deleuze/s/cours-bnf/item/72828,skos:Concept,
,http://localhost/omk_deleuze/s/cours-bnf/item/72827,bibo:Conference,
,http://localhost/omk_deleuze/s/cours-bnf/item/72826,bibo:Conference,
,http://localhost/omk_deleuze/s/cours-bnf/item/72825,bibo:Conference,
,http://localhost/omk_deleuze/s/cours-bnf/item/72824,bibo:Conference,
,http://localhost/omk_deleuze/s/cours-bnf/item/72823,bibo:Conference,
,http://localhost/omk_deleuze/s/cours-bnf/item/72822,bibo:Conference,
,http://localhost/omk_deleuze/s/cours-bnf/item/72821,bibo:Conference,
,http://localhost/omk_deleuze/s/cours-bnf/item/72820,bibo:Conference,
,http://localhost/omk_deleuze/s/cours-bnf/item/72819,bibo:Conference,
,http://localhost/omk_deleuze/s/cours-bnf/item/72818,skos:Concept,
,http://localhost/omk_deleuze/s/cours-bnf/item/72817,skos:Concept,
,http://localhost/omk_deleuze/s/cours-bnf/item/72816,skos:Concept,
,http://localhost/omk_deleuze/s/cours-bnf/item/72815,skos:Concept,
,http://localhost/omk_deleuze/s/cours-bnf/item/72814,skos:Concept,
,http://localhost/omk_deleuze/s/cours-bnf/item/72813,bibo:Conference,
,http://localhost/omk_deleuze/s/cours-bnf/item/72812,skos:Concept,
,http://localhost/omk_deleuze/s/cours-bnf/item/72811,skos:Concept,
,http://localhost/omk_deleuze/s/cours-bnf/item/72810,skos:Concept,
,http://localhost/omk_deleuze/s/cours-bnf/item/72809,skos:Concept,
,http://localhost/omk_deleuze/s/cours-bnf/item/72808,skos:Concept,
,http://localhost/omk_deleuze/s/cours-bnf/item/72807,bibo:Conference,
,http://localhost/omk_deleuze/s/cours-bnf/item/72806,skos:Concept,
,http://localhost/omk_deleuze/s/cours-bnf/item/72805,bibo:Conference,
,http://localhost/omk_deleuze/s/cours-bnf/item/72804,skos:Concept,
,http://localhost/omk_deleuze/s/cours-bnf/item/72803,skos:Concept,
,http://localhost/omk_deleuze/s/cours-bnf/item/72802,skos:Concept,
,http://localhost/omk_deleuze/s/cours-bnf/item/72801,skos:Concept,
,http://localhost/omk_deleuze/s/cours-bnf/item/72800,skos:Concept,
,http://localhost/omk_deleuze/s/cours-bnf/item/72799,skos:Concept,
,http://localhost/omk_deleuze/s/cours-bnf/item/72798,bibo:Conference,
,http://localhost/omk_deleuze/s/cours-bnf/item/72797,skos:Concept,
,http://localhost/omk_deleuze/s/cours-bnf/item/72796,skos:Concept,
,http://localhost/omk_deleuze/s/cours-bnf/item/72795,skos:Concept,
,http://localhost/omk_deleuze/s/cours-bnf/item/72794,bibo:Conference,
,http://localhost/omk_deleuze/s/cours-bnf/item/72793,skos:Concept,
,http://localhost/omk_deleuze/s/cours-bnf/item/72792,skos:Concept,
,http://localhost/omk_deleuze/s/cours-bnf/item/72791,bibo:Conference,
,http://localhost/omk_deleuze/s/cours-bnf/item/72790,skos:Concept,
,http://localhost/omk_deleuze/s/cours-bnf/item/72789,skos:Concept,
,http://localhost/omk_deleuze/s/cours-bnf/item/72788,skos:Concept,
,http://localhost/omk_deleuze/s/cours-bnf/item/72787,bibo:Conference,
,http://localhost/omk_deleuze/s/cours-bnf/item/72786,skos:Concept,
,http://localhost/omk_deleuze/s/cours-bnf/item/72785,skos:Concept,
,http://localhost/omk_deleuze/s/cours-bnf/item/72784,skos:Concept,
,http://localhost/omk_deleuze/s/cours-bnf/item/72783,skos:Concept,
,http://localhost/omk_deleuze/s/cours-bnf/item/72782,skos:Concept,
,http://localhost/omk_deleuze/s/cours-bnf/item/72781,bibo:Conference,
,http://localhost/omk_deleuze/s/cours-bnf/item/72780,bibo:Conference,
,http://localhost/omk_deleuze/s/cours-bnf/item/72779,skos:Concept,
,http://localhost/omk_deleuze/s/cours-bnf/item/72778,skos:Concept,
,http://localhost/omk_deleuze/s/cours-bnf/item/72777,bibo:Conference,
,http://localhost/omk_deleuze/s/cours-bnf/item/72776,skos:Concept,
,http://localhost/omk_deleuze/s/cours-bnf/item/72775,bibo:Conference,
,http://localhost/omk_deleuze/s/cours-bnf/item/72774,skos:Concept,
,http://localhost/omk_deleuze/s/cours-bnf/item/72773,skos:Concept,
,http://localhost/omk_deleuze/s/cours-bnf/item/72772,bibo:Conference,
,http://localhost/omk_deleuze/s/cours-bnf/item/72771,skos:Concept,
,http://localhost/omk_deleuze/s/cours-bnf/item/72770,bibo:Conference,
,http://localhost/omk_deleuze/s/cours-bnf/item/72769,skos:Concept,
,http://localhost/omk_deleuze/s/cours-bnf/item/72768,skos:Concept,
,http://localhost/omk_deleuze/s/cours-bnf/item/72767,bibo:Conference,
,http://localhost/omk_deleuze/s/cours-bnf/item/72766,bibo:Conference,
,http://localhost/omk_deleuze/s/cours-bnf/item/72765,skos:Concept,
,http://localhost/omk_deleuze/s/cours-bnf/item/72764,skos:Concept,
,http://localhost/omk_deleuze/s/cours-bnf/item/72763,skos:Concept,
,http://localhost/omk_deleuze/s/cours-bnf/item/72762,skos:Concept,
,http://localhost/omk_deleuze/s/cours-bnf/item/72761,skos:Concept,
,http://localhost/omk_deleuze/s/cours-bnf/item/72760,bibo:Conference,
,http://localhost/omk_deleuze/s/cours-bnf/item/72759,skos:Concept,
,http://localhost/omk_deleuze/s/cours-bnf/item/72758,skos:Concept,
,http://localhost/omk_deleuze/s/cours-bnf/item/72757,bibo:Conference,
,http://localhost/omk_deleuze/s/cours-bnf/item/72756,skos:Concept,
,http://localhost/omk_deleuze/s/cours-bnf/item/72755,skos:Concept,
,http://localhost/omk_deleuze/s/cours-bnf/item/72754,skos:Concept,
,http://localhost/omk_deleuze/s/cours-bnf/item/72753,skos:Concept,
,http://localhost/omk_deleuze/s/cours-bnf/item/72752,skos:Concept,
,http://localhost/omk_deleuze/s/cours-bnf/item/72751,skos:Concept,
,http://localhost/omk_deleuze/s/cours-bnf/item/72750,bibo:Conference,
,http://localhost/omk_deleuze/s/cours-bnf/item/72749,skos:Concept,
,http://localhost/omk_deleuze/s/cours-bnf/item/72748,skos:Concept,
,http://localhost/omk_deleuze/s/cours-bnf/item/72747,skos:Concept,
,http://localhost/omk_deleuze/s/cours-bnf/item/72746,skos:Concept,
,http://localhost/omk_deleuze/s/cours-bnf/item/72745,skos:Concept,
,http://localhost/omk_deleuze/s/cours-bnf/item/72744,skos:Concept,
,http://localhost/omk_deleuze/s/cours-bnf/item/72743,skos:Concept,
,http://localhost/omk_deleuze/s/cours-bnf/item/72742,bibo:Conference,
,http://localhost/omk_deleuze/s/cours-bnf/item/72741,skos:Concept,
,http://localhost/omk_deleuze/s/cours-bnf/item/72740,bibo:Conference,
,http://localhost/omk_deleuze/s/cours-bnf/item/72739,skos:Concept,
,http://localhost/omk_deleuze/s/cours-bnf/item/72738,skos:Concept,
,http://localhost/omk_deleuze/s/cours-bnf/item/72737,bibo:Conference,
,http://localhost/omk_deleuze/s/cours-bnf/item/72736,bibo:Conference,
,http://localhost/omk_deleuze/s/cours-bnf/item/72735,skos:Concept,
,http://localhost/omk_deleuze/s/cours-bnf/item/72734,bibo:Conference,
,http://localhost/omk_deleuze/s/cours-bnf/item/72733,bibo:Conference,
,http://localhost/omk_deleuze/s/cours-bnf/item/72732,bibo:Conference,
,http://localhost/omk_deleuze/s/cours-bnf/item/72731,skos:Concept,
,http://localhost/omk_deleuze/s/cours-bnf/item/72730,bibo:Conference,
,http://localhost/omk_deleuze/s/cours-bnf/item/72729,bibo:Conference,
,http://localhost/omk_deleuze/s/cours-bnf/item/72728,bibo:Conference,
,http://localhost/omk_deleuze/s/cours-bnf/item/72727,skos:Concept,
,http://localhost/omk_deleuze/s/cours-bnf/item/72726,bibo:Conference,
,http://localhost/omk_deleuze/s/cours-bnf/item/72725,bibo:Conference,
,http://localhost/omk_deleuze/s/cours-bnf/item/72724,skos:Concept,
,http://localhost/omk_deleuze/s/cours-bnf/item/72723,skos:Concept,
,http://localhost/omk_deleuze/s/cours-bnf/item/72722,bibo:Conference,
,http://localhost/omk_deleuze/s/cours-bnf/item/72721,skos:Concept,
,http://localhost/omk_deleuze/s/cours-bnf/item/72720,skos:Concept,
,http://localhost/omk_deleuze/s/cours-bnf/item/72719,bibo:Conference,
,http://localhost/omk_deleuze/s/cours-bnf/item/72718,skos:Concept,
,http://localhost/omk_deleuze/s/cours-bnf/item/72717,skos:Concept,
,http://localhost/omk_deleuze/s/cours-bnf/item/72716,skos:Concept,
,http://localhost/omk_deleuze/s/cours-bnf/item/72715,bibo:Conference,
,http://localhost/omk_deleuze/s/cours-bnf/item/72714,skos:Concept,
,http://localhost/omk_deleuze/s/cours-bnf/item/72713,bibo:Conference,
,http://localhost/omk_deleuze/s/cours-bnf/item/72712,bibo:Conference,
,http://localhost/omk_deleuze/s/cours-bnf/item/72711,bibo:Conference,
,http://localhost/omk_deleuze/s/cours-bnf/item/72710,bibo:Conference,
,http://localhost/omk_deleuze/s/cours-bnf/item/72709,bibo:Conference,
,http://localhost/omk_deleuze/s/cours-bnf/item/72708,bibo:Conference,
,http://localhost/omk_deleuze/s/cours-bnf/item/72707,skos:Concept,
,http://localhost/omk_deleuze/s/cours-bnf/item/72706,bibo:Conference,
,http://localhost/omk_deleuze/s/cours-bnf/item/72705,skos:Concept,
,http://localhost/omk_deleuze/s/cours-bnf/item/72704,bibo:Conference,
,http://localhost/omk_deleuze/s/cours-bnf/item/72703,bibo:Conference,
,http://localhost/omk_deleuze/s/cours-bnf/item/72702,bibo:Conference,
,http://localhost/omk_deleuze/s/cours-bnf/item/72701,skos:Concept,
,http://localhost/omk_deleuze/s/cours-bnf/item/72700,bibo:Conference,
,http://localhost/omk_deleuze/s/cours-bnf/item/72699,bibo:Conference,
,http://localhost/omk_deleuze/s/cours-bnf/item/72698,skos:Concept,
,http://localhost/omk_deleuze/s/cours-bnf/item/72697,bibo:Conference,
,http://localhost/omk_deleuze/s/cours-bnf/item/72696,bibo:Conference,
,http://localhost/omk_deleuze/s/cours-bnf/item/72695,skos:Concept,
,http://localhost/omk_deleuze/s/cours-bnf/item/72694,skos:Concept,
,http://localhost/omk_deleuze/s/cours-bnf/item/72693,bibo:Conference,
,http://localhost/omk_deleuze/s/cours-bnf/item/72692,skos:Concept,
,http://localhost/omk_deleuze/s/cours-bnf/item/72691,skos:Concept,
,http://localhost/omk_deleuze/s/cours-bnf/item/72690,skos:Concept,
,http://localhost/omk_deleuze/s/cours-bnf/item/72689,bibo:Conference,
,http://localhost/omk_deleuze/s/cours-bnf/item/72688,skos:Concept,
,http://localhost/omk_deleuze/s/cours-bnf/item/72687,skos:Concept,
,http://localhost/omk_deleuze/s/cours-bnf/item/72686,skos:Concept,
,http://localhost/omk_deleuze/s/cours-bnf/item/72685,bibo:Conference,
,http://localhost/omk_deleuze/s/cours-bnf/item/72684,skos:Concept,
,http://localhost/omk_deleuze/s/cours-bnf/item/72683,skos:Concept,
,http://localhost/omk_deleuze/s/cours-bnf/item/72682,bibo:Conference,
,http://localhost/omk_deleuze/s/cours-bnf/item/72681,skos:Concept,
,http://localhost/omk_deleuze/s/cours-bnf/item/72680,bibo:Conference,
,http://localhost/omk_deleuze/s/cours-bnf/item/72679,skos:Concept,
,http://localhost/omk_deleuze/s/cours-bnf/item/72678,skos:Concept,
,http://localhost/omk_deleuze/s/cours-bnf/item/72677,bibo:Conference,
,http://localhost/omk_deleuze/s/cours-bnf/item/72676,bibo:Conference,
,http://localhost/omk_deleuze/s/cours-bnf/item/72675,skos:Concept,
,http://localhost/omk_deleuze/s/cours-bnf/item/72674,bibo:Conference,
,http://localhost/omk_deleuze/s/cours-bnf/item/72673,skos:Concept,
,http://localhost/omk_deleuze/s/cours-bnf/item/72672,skos:Concept,
,http://localhost/omk_deleuze/s/cours-bnf/item/72671,bibo:Conference,
,http://localhost/omk_deleuze/s/cours-bnf/item/72670,skos:Concept,
,http://localhost/omk_deleuze/s/cours-bnf/item/72669,bibo:Conference,
,http://localhost/omk_deleuze/s/cours-bnf/item/72668,skos:Concept,
,http://localhost/omk_deleuze/s/cours-bnf/item/72667,bibo:Conference,
,http://localhost/omk_deleuze/s/cours-bnf/item/72666,skos:Concept,
,http://localhost/omk_deleuze/s/cours-bnf/item/72665,bibo:Conference,
,http://localhost/omk_deleuze/s/cours-bnf/item/72664,skos:Concept,
,http://localhost/omk_deleuze/s/cours-bnf/item/72663,bibo:Conference,
,http://localhost/omk_deleuze/s/cours-bnf/item/72662,skos:Concept,
,http://localhost/omk_deleuze/s/cours-bnf/item/72661,bibo:Conference,
,http://localhost/omk_deleuze/s/cours-bnf/item/72660,skos:Concept,
,http://localhost/omk_deleuze/s/cours-bnf/item/72659,bibo:Conference,
,http://localhost/omk_deleuze/s/cours-bnf/item/72658,skos:Concept,
,http://localhost/omk_deleuze/s/cours-bnf/item/72657,bibo:Conference,
,http://localhost/omk_deleuze/s/cours-bnf/item/72656,skos:Concept,
,http://localhost/omk_deleuze/s/cours-bnf/item/72655,bibo:Conference,
,http://localhost/omk_deleuze/s/cours-bnf/item/72654,skos:Concept,
,http://localhost/omk_deleuze/s/cours-bnf/item/72653,bibo:Conference,
,http://localhost/omk_deleuze/s/cours-bnf/item/72652,skos:Concept,
,http://localhost/omk_deleuze/s/cours-bnf/item/72651,bibo:Conference,
,http://localhost/omk_deleuze/s/cours-bnf/item/72650,skos:Concept,
,http://localhost/omk_deleuze/s/cours-bnf/item/72649,skos:Concept,
,http://localhost/omk_deleuze/s/cours-bnf/item/72648,bibo:Conference,
,http://localhost/omk_deleuze/s/cours-bnf/item/72647,skos:Concept,
,http://localhost/omk_deleuze/s/cours-bnf/item/72646,skos:Concept,
,http://localhost/omk_deleuze/s/cours-bnf/item/72645,bibo:Conference,
,http://localhost/omk_deleuze/s/cours-bnf/item/72644,skos:Concept,
,http://localhost/omk_deleuze/s/cours-bnf/item/72643,skos:Concept,
,http://localhost/omk_deleuze/s/cours-bnf/item/72642,skos:Concept,
,http://localhost/omk_deleuze/s/cours-bnf/item/72641,bibo:Conference,
,http://localhost/omk_deleuze/s/cours-bnf/item/72640,skos:Concept,
,http://localhost/omk_deleuze/s/cours-bnf/item/72639,skos:Concept,
,http://localhost/omk_deleuze/s/cours-bnf/item/72638,bibo:Conference,
,http://localhost/omk_deleuze/s/cours-bnf/item/72637,skos:Concept,
,http://localhost/omk_deleuze/s/cours-bnf/item/72636,skos:Concept,
,http://localhost/omk_deleuze/s/cours-bnf/item/72635,skos:Concept,
,http://localhost/omk_deleuze/s/cours-bnf/item/72634,bibo:Conference,
,http://localhost/omk_deleuze/s/cours-bnf/item/72633,skos:Concept,
,http://localhost/omk_deleuze/s/cours-bnf/item/72632,bibo:Conference,
,http://localhost/omk_deleuze/s/cours-bnf/item/72631,skos:Concept,
,http://localhost/omk_deleuze/s/cours-bnf/item/72630,bibo:Conference,
,http://localhost/omk_deleuze/s/cours-bnf/item/72629,skos:Concept,
,http://localhost/omk_deleuze/s/cours-bnf/item/72628,skos:Concept,
,http://localhost/omk_deleuze/s/cours-bnf/item/72627,bibo:Conference,
,http://localhost/omk_deleuze/s/cours-bnf/item/72626,skos:Concept,
,http://localhost/omk_deleuze/s/cours-bnf/item/72625,bibo:Conference,
,http://localhost/omk_deleuze/s/cours-bnf/item/72624,bibo:Conference,
,http://localhost/omk_deleuze/s/cours-bnf/item/72623,skos:Concept,
,http://localhost/omk_deleuze/s/cours-bnf/item/72622,bibo:Conference,
,http://localhost/omk_deleuze/s/cours-bnf/item/72621,skos:Concept,
,http://localhost/omk_deleuze/s/cours-bnf/item/72620,bibo:Conference,
,http://localhost/omk_deleuze/s/cours-bnf/item/72619,skos:Concept,
,http://localhost/omk_deleuze/s/cours-bnf/item/72618,bibo:Conference,
,http://localhost/omk_deleuze/s/cours-bnf/item/72617,skos:Concept,
,http://localhost/omk_deleuze/s/cours-bnf/item/72616,bibo:Conference,
,http://localhost/omk_deleuze/s/cours-bnf/item/72615,bibo:Conference,
,http://localhost/omk_deleuze/s/cours-bnf/item/72614,bibo:Conference,
,http://localhost/omk_deleuze/s/cours-bnf/item/72613,skos:Concept,
,http://localhost/omk_deleuze/s/cours-bnf/item/72612,skos:Concept,
,http://localhost/omk_deleuze/s/cours-bnf/item/72611,skos:Concept,
,http://localhost/omk_deleuze/s/cours-bnf/item/72610,bibo:Conference,
,http://localhost/omk_deleuze/s/cours-bnf/item/72609,skos:Concept,
,http://localhost/omk_deleuze/s/cours-bnf/item/72608,bibo:Conference,
,http://localhost/omk_deleuze/s/cours-bnf/item/72607,bibo:Conference,
,http://localhost/omk_deleuze/s/cours-bnf/item/72606,skos:Concept,
,http://localhost/omk_deleuze/s/cours-bnf/item/72605,skos:Concept,
,http://localhost/omk_deleuze/s/cours-bnf/item/72604,bibo:Conference,
,http://localhost/omk_deleuze/s/cours-bnf/item/72603,skos:Concept,
,http://localhost/omk_deleuze/s/cours-bnf/item/72602,skos:Concept,
,http://localhost/omk_deleuze/s/cours-bnf/item/72601,bibo:Conference,
,http://localhost/omk_deleuze/s/cours-bnf/item/72600,skos:Concept,
,http://localhost/omk_deleuze/s/cours-bnf/item/72599,bibo:Conference,
,http://localhost/omk_deleuze/s/cours-bnf/item/72598,skos:Concept,
,http://localhost/omk_deleuze/s/cours-bnf/item/72597,bibo:Conference,
,http://localhost/omk_deleuze/s/cours-bnf/item/72596,skos:Concept,
,http://localhost/omk_deleuze/s/cours-bnf/item/72595,skos:Concept,
,http://localhost/omk_deleuze/s/cours-bnf/item/72594,bibo:Conference,
,http://localhost/omk_deleuze/s/cours-bnf/item/72593,skos:Concept,
,http://localhost/omk_deleuze/s/cours-bnf/item/72592,bibo:Conference,
,http://localhost/omk_deleuze/s/cours-bnf/item/72591,bibo:Conference,
,http://localhost/omk_deleuze/s/cours-bnf/item/72590,skos:Concept,
,http://localhost/omk_deleuze/s/cours-bnf/item/72589,bibo:Conference,
,http://localhost/omk_deleuze/s/cours-bnf/item/72588,bibo:Conference,
,http://localhost/omk_deleuze/s/cours-bnf/item/72587,skos:Concept,
,http://localhost/omk_deleuze/s/cours-bnf/item/72586,bibo:Conference,
,http://localhost/omk_deleuze/s/cours-bnf/item/72585,skos:Concept,
,http://localhost/omk_deleuze/s/cours-bnf/item/72584,bibo:Conference,
,http://localhost/omk_deleuze/s/cours-bnf/item/72583,skos:Concept,
,http://localhost/omk_deleuze/s/cours-bnf/item/72582,skos:Concept,
,http://localhost/omk_deleuze/s/cours-bnf/item/72581,skos:Concept,
,http://localhost/omk_deleuze/s/cours-bnf/item/72580,bibo:Conference,
,http://localhost/omk_deleuze/s/cours-bnf/item/72579,skos:Concept,
,http://localhost/omk_deleuze/s/cours-bnf/item/72578,skos:Concept,
,http://localhost/omk_deleuze/s/cours-bnf/item/72577,skos:Concept,
,http://localhost/omk_deleuze/s/cours-bnf/item/72576,skos:Concept,
,http://localhost/omk_deleuze/s/cours-bnf/item/72575,bibo:Conference,
,http://localhost/omk_deleuze/s/cours-bnf/item/72574,skos:Concept,
,http://localhost/omk_deleuze/s/cours-bnf/item/72573,skos:Concept,
,http://localhost/omk_deleuze/s/cours-bnf/item/72572,bibo:Conference,
,http://localhost/omk_deleuze/s/cours-bnf/item/72571,skos:Concept,
,http://localhost/omk_deleuze/s/cours-bnf/item/72570,bibo:Conference,
,http://localhost/omk_deleuze/s/cours-bnf/item/72569,skos:Concept,
,http://localhost/omk_deleuze/s/cours-bnf/item/72568,bibo:Conference,
,http://localhost/omk_deleuze/s/cours-bnf/item/72567,skos:Concept,
,http://localhost/omk_deleuze/s/cours-bnf/item/72566,skos:Concept,
,http://localhost/omk_deleuze/s/cours-bnf/item/72565,bibo:Conference,
,http://localhost/omk_deleuze/s/cours-bnf/item/72564,skos:Concept,
,http://localhost/omk_deleuze/s/cours-bnf/item/72563,bibo:Conference,
,http://localhost/omk_deleuze/s/cours-bnf/item/72562,skos:Concept,
,http://localhost/omk_deleuze/s/cours-bnf/item/72561,skos:Concept,
,http://localhost/omk_deleuze/s/cours-bnf/item/72560,bibo:Conference,
,http://localhost/omk_deleuze/s/cours-bnf/item/72559,skos:Concept,
,http://localhost/omk_deleuze/s/cours-bnf/item/72558,skos:Concept,
,http://localhost/omk_deleuze/s/cours-bnf/item/72557,skos:Concept,
,http://localhost/omk_deleuze/s/cours-bnf/item/72556,bibo:Conference,
,http://localhost/omk_deleuze/s/cours-bnf/item/72555,skos:Concept,
,http://localhost/omk_deleuze/s/cours-bnf/item/72554,skos:Concept,
,http://localhost/omk_deleuze/s/cours-bnf/item/72553,,
,http://localhost/omk_deleuze/s/cours-bnf/item/72552,jdc:Transcription,
,http://localhost/omk_deleuze/s/cours-bnf/item/72526,jdc:Transcription,
,http://localhost/omk_deleuze/s/cours-bnf/item/72425,skos:Concept,
,http://localhost/omk_deleuze/s/cours-bnf/item/72424,skos:Concept,
,http://localhost/omk_deleuze/s/cours-bnf/item/72423,skos:Concept,
,http://localhost/omk_deleuze/s/cours-bnf/item/72422,skos:Concept,
,http://localhost/omk_deleuze/s/cours-bnf/item/72421,skos:Concept,
,http://localhost/omk_deleuze/s/cours-bnf/item/72420,skos:Concept,
,http://localhost/omk_deleuze/s/cours-bnf/item/72419,skos:Concept,
,http://localhost/omk_deleuze/s/cours-bnf/item/72418,jdc:Transcription,
,http://localhost/omk_deleuze/s/cours-bnf/item/72265,skos:Concept,
,http://localhost/omk_deleuze/s/cours-bnf/item/72264,skos:Concept,
,http://localhost/omk_deleuze/s/cours-bnf/item/72263,skos:Concept,
,http://localhost/omk_deleuze/s/cours-bnf/item/72262,skos:Concept,
,http://localhost/omk_deleuze/s/cours-bnf/item/72261,skos:Concept,
,http://localhost/omk_deleuze/s/cours-bnf/item/72260,skos:Concept,
,http://localhost/omk_deleuze/s/cours-bnf/item/72259,skos:Concept,
,http://localhost/omk_deleuze/s/cours-bnf/item/72258,skos:Concept,
,http://localhost/omk_deleuze/s/cours-bnf/item/72257,skos:Concept,
,http://localhost/omk_deleuze/s/cours-bnf/item/72256,skos:Concept,
,http://localhost/omk_deleuze/s/cours-bnf/item/72255,jdc:Transcription,
,http://localhost/omk_deleuze/s/cours-bnf/item/72081,skos:Concept,
,http://localhost/omk_deleuze/s/cours-bnf/item/72080,skos:Concept,
,http://localhost/omk_deleuze/s/cours-bnf/item/72079,skos:Concept,
,http://localhost/omk_deleuze/s/cours-bnf/item/72078,jdc:Transcription,
,http://localhost/omk_deleuze/s/cours-bnf/item/71920,skos:Concept,
,http://localhost/omk_deleuze/s/cours-bnf/item/71919,skos:Concept,
,http://localhost/omk_deleuze/s/cours-bnf/item/71918,skos:Concept,
,http://localhost/omk_deleuze/s/cours-bnf/item/71917,skos:Concept,
,http://localhost/omk_deleuze/s/cours-bnf/item/71916,skos:Concept,
,http://localhost/omk_deleuze/s/cours-bnf/item/71915,skos:Concept,
,http://localhost/omk_deleuze/s/cours-bnf/item/71914,skos:Concept,
,http://localhost/omk_deleuze/s/cours-bnf/item/71913,skos:Concept,
,http://localhost/omk_deleuze/s/cours-bnf/item/71912,jdc:Transcription,
,http://localhost/omk_deleuze/s/cours-bnf/item/71786,skos:Concept,
,http://localhost/omk_deleuze/s/cours-bnf/item/71785,skos:Concept,
,http://localhost/omk_deleuze/s/cours-bnf/item/71784,skos:Concept,
,http://localhost/omk_deleuze/s/cours-bnf/item/71783,skos:Concept,
,http://localhost/omk_deleuze/s/cours-bnf/item/71782,skos:Concept,
,http://localhost/omk_deleuze/s/cours-bnf/item/71781,skos:Concept,
,http://localhost/omk_deleuze/s/cours-bnf/item/71780,jdc:Transcription,
,http://localhost/omk_deleuze/s/cours-bnf/item/71638,skos:Concept,
,http://localhost/omk_deleuze/s/cours-bnf/item/71637,skos:Concept,
,http://localhost/omk_deleuze/s/cours-bnf/item/71636,skos:Concept,
,http://localhost/omk_deleuze/s/cours-bnf/item/71635,skos:Concept,
,http://localhost/omk_deleuze/s/cours-bnf/item/71634,skos:Concept,
,http://localhost/omk_deleuze/s/cours-bnf/item/71633,skos:Concept,
,http://localhost/omk_deleuze/s/cours-bnf/item/71632,skos:Concept,
,http://localhost/omk_deleuze/s/cours-bnf/item/71631,skos:Concept,
,http://localhost/omk_deleuze/s/cours-bnf/item/71630,skos:Concept,
,http://localhost/omk_deleuze/s/cours-bnf/item/71629,jdc:Transcription,
,http://localhost/omk_deleuze/s/cours-bnf/item/71530,skos:Concept,
,http://localhost/omk_deleuze/s/cours-bnf/item/71529,jdc:Transcription,
,http://localhost/omk_deleuze/s/cours-bnf/item/71357,skos:Concept,
,http://localhost/omk_deleuze/s/cours-bnf/item/71356,skos:Concept,
,http://localhost/omk_deleuze/s/cours-bnf/item/71355,skos:Concept,
,http://localhost/omk_deleuze/s/cours-bnf/item/71354,skos:Concept,
,http://localhost/omk_deleuze/s/cours-bnf/item/71353,skos:Concept,
,http://localhost/omk_deleuze/s/cours-bnf/item/71352,skos:Concept,
,http://localhost/omk_deleuze/s/cours-bnf/item/71351,jdc:Transcription,
,http://localhost/omk_deleuze/s/cours-bnf/item/71196,skos:Concept,
,http://localhost/omk_deleuze/s/cours-bnf/item/71195,skos:Concept,
,http://localhost/omk_deleuze/s/cours-bnf/item/71194,skos:Concept,
,http://localhost/omk_deleuze/s/cours-bnf/item/71193,skos:Concept,
,http://localhost/omk_deleuze/s/cours-bnf/item/71192,skos:Concept,
,http://localhost/omk_deleuze/s/cours-bnf/item/71191,skos:Concept,
,http://localhost/omk_deleuze/s/cours-bnf/item/71190,jdc:Transcription,
,http://localhost/omk_deleuze/s/cours-bnf/item/71060,skos:Concept,
,http://localhost/omk_deleuze/s/cours-bnf/item/71059,skos:Concept,
,http://localhost/omk_deleuze/s/cours-bnf/item/71058,skos:Concept,
,http://localhost/omk_deleuze/s/cours-bnf/item/71057,jdc:Transcription,
,http://localhost/omk_deleuze/s/cours-bnf/item/70931,skos:Concept,
,http://localhost/omk_deleuze/s/cours-bnf/item/70930,skos:Concept,
,http://localhost/omk_deleuze/s/cours-bnf/item/70929,jdc:Transcription,
,http://localhost/omk_deleuze/s/cours-bnf/item/70810,skos:Concept,
,http://localhost/omk_deleuze/s/cours-bnf/item/70809,skos:Concept,
,http://localhost/omk_deleuze/s/cours-bnf/item/70808,skos:Concept,
,http://localhost/omk_deleuze/s/cours-bnf/item/70807,skos:Concept,
,http://localhost/omk_deleuze/s/cours-bnf/item/70806,jdc:Transcription,
,http://localhost/omk_deleuze/s/cours-bnf/item/70664,skos:Concept,
,http://localhost/omk_deleuze/s/cours-bnf/item/70663,skos:Concept,
,http://localhost/omk_deleuze/s/cours-bnf/item/70662,skos:Concept,
,http://localhost/omk_deleuze/s/cours-bnf/item/70661,skos:Concept,
,http://localhost/omk_deleuze/s/cours-bnf/item/70660,skos:Concept,
,http://localhost/omk_deleuze/s/cours-bnf/item/70659,skos:Concept,
,http://localhost/omk_deleuze/s/cours-bnf/item/70658,skos:Concept,
,http://localhost/omk_deleuze/s/cours-bnf/item/70657,jdc:Transcription,
,http://localhost/omk_deleuze/s/cours-bnf/item/70527,skos:Concept,
,http://localhost/omk_deleuze/s/cours-bnf/item/70526,skos:Concept,
,http://localhost/omk_deleuze/s/cours-bnf/item/70525,skos:Concept,
,http://localhost/omk_deleuze/s/cours-bnf/item/70524,skos:Concept,
,http://localhost/omk_deleuze/s/cours-bnf/item/70523,jdc:Transcription,
,http://localhost/omk_deleuze/s/cours-bnf/item/70401,skos:Concept,
,http://localhost/omk_deleuze/s/cours-bnf/item/70400,skos:Concept,
,http://localhost/omk_deleuze/s/cours-bnf/item/70399,skos:Concept,
,http://localhost/omk_deleuze/s/cours-bnf/item/70398,skos:Concept,
,http://localhost/omk_deleuze/s/cours-bnf/item/70397,jdc:Transcription,
,http://localhost/omk_deleuze/s/cours-bnf/item/70245,skos:Concept,
,http://localhost/omk_deleuze/s/cours-bnf/item/70244,skos:Concept,
,http://localhost/omk_deleuze/s/cours-bnf/item/70243,skos:Concept,
,http://localhost/omk_deleuze/s/cours-bnf/item/70242,skos:Concept,
,http://localhost/omk_deleuze/s/cours-bnf/item/70241,skos:Concept,
,http://localhost/omk_deleuze/s/cours-bnf/item/70240,jdc:Transcription,
,http://localhost/omk_deleuze/s/cours-bnf/item/70133,skos:Concept,
,http://localhost/omk_deleuze/s/cours-bnf/item/70132,skos:Concept,
,http://localhost/omk_deleuze/s/cours-bnf/item/70131,skos:Concept,
,http://localhost/omk_deleuze/s/cours-bnf/item/70130,skos:Concept,
,http://localhost/omk_deleuze/s/cours-bnf/item/70129,jdc:Transcription,
,http://localhost/omk_deleuze/s/cours-bnf/item/69998,skos:Concept,
,http://localhost/omk_deleuze/s/cours-bnf/item/69997,skos:Concept,
,http://localhost/omk_deleuze/s/cours-bnf/item/69996,skos:Concept,
,http://localhost/omk_deleuze/s/cours-bnf/item/69995,skos:Concept,
,http://localhost/omk_deleuze/s/cours-bnf/item/69994,jdc:Transcription,
,http://localhost/omk_deleuze/s/cours-bnf/item/69886,skos:Concept,
,http://localhost/omk_deleuze/s/cours-bnf/item/69885,skos:Concept,
,http://localhost/omk_deleuze/s/cours-bnf/item/69884,jdc:Transcription,
,http://localhost/omk_deleuze/s/cours-bnf/item/69746,skos:Concept,
,http://localhost/omk_deleuze/s/cours-bnf/item/69745,skos:Concept,
,http://localhost/omk_deleuze/s/cours-bnf/item/69744,skos:Concept,
,http://localhost/omk_deleuze/s/cours-bnf/item/69743,skos:Concept,
,http://localhost/omk_deleuze/s/cours-bnf/item/69742,skos:Concept,
,http://localhost/omk_deleuze/s/cours-bnf/item/69741,jdc:Transcription,
,http://localhost/omk_deleuze/s/cours-bnf/item/69605,skos:Concept,
,http://localhost/omk_deleuze/s/cours-bnf/item/69604,skos:Concept,
,http://localhost/omk_deleuze/s/cours-bnf/item/69603,skos:Concept,
,http://localhost/omk_deleuze/s/cours-bnf/item/69602,skos:Concept,
,http://localhost/omk_deleuze/s/cours-bnf/item/69601,skos:Concept,
,http://localhost/omk_deleuze/s/cours-bnf/item/69600,skos:Concept,
,http://localhost/omk_deleuze/s/cours-bnf/item/69599,skos:Concept,
,http://localhost/omk_deleuze/s/cours-bnf/item/69598,jdc:Transcription,
,http://localhost/omk_deleuze/s/cours-bnf/item/69462,skos:Concept,
,http://localhost/omk_deleuze/s/cours-bnf/item/69461,skos:Concept,
,http://localhost/omk_deleuze/s/cours-bnf/item/69460,skos:Concept,
,http://localhost/omk_deleuze/s/cours-bnf/item/69459,skos:Concept,
,http://localhost/omk_deleuze/s/cours-bnf/item/69458,skos:Concept,
,http://localhost/omk_deleuze/s/cours-bnf/item/69457,skos:Concept,
,http://localhost/omk_deleuze/s/cours-bnf/item/69456,jdc:Transcription,
,http://localhost/omk_deleuze/s/cours-bnf/item/69355,skos:Concept,
,http://localhost/omk_deleuze/s/cours-bnf/item/69354,skos:Concept,
,http://localhost/omk_deleuze/s/cours-bnf/item/69353,skos:Concept,
,http://localhost/omk_deleuze/s/cours-bnf/item/69352,skos:Concept,
,http://localhost/omk_deleuze/s/cours-bnf/item/69351,skos:Concept,
,http://localhost/omk_deleuze/s/cours-bnf/item/69350,skos:Concept,
,http://localhost/omk_deleuze/s/cours-bnf/item/69349,skos:Concept,
,http://localhost/omk_deleuze/s/cours-bnf/item/69348,skos:Concept,
,http://localhost/omk_deleuze/s/cours-bnf/item/69347,jdc:Transcription,
,http://localhost/omk_deleuze/s/cours-bnf/item/69198,skos:Concept,
,http://localhost/omk_deleuze/s/cours-bnf/item/69197,skos:Concept,
,http://localhost/omk_deleuze/s/cours-bnf/item/69196,skos:Concept,
,http://localhost/omk_deleuze/s/cours-bnf/item/69195,skos:Concept,
,http://localhost/omk_deleuze/s/cours-bnf/item/69194,skos:Concept,
,http://localhost/omk_deleuze/s/cours-bnf/item/69193,skos:Concept,
,http://localhost/omk_deleuze/s/cours-bnf/item/69192,skos:Concept,
,http://localhost/omk_deleuze/s/cours-bnf/item/69191,jdc:Transcription,
,http://localhost/omk_deleuze/s/cours-bnf/item/69054,skos:Concept,
,http://localhost/omk_deleuze/s/cours-bnf/item/69053,skos:Concept,
,http://localhost/omk_deleuze/s/cours-bnf/item/69052,jdc:Transcription,
,http://localhost/omk_deleuze/s/cours-bnf/item/68925,skos:Concept,
,http://localhost/omk_deleuze/s/cours-bnf/item/68924,skos:Concept,
,http://localhost/omk_deleuze/s/cours-bnf/item/68923,skos:Concept,
,http://localhost/omk_deleuze/s/cours-bnf/item/68922,skos:Concept,
,http://localhost/omk_deleuze/s/cours-bnf/item/68921,skos:Concept,
,http://localhost/omk_deleuze/s/cours-bnf/item/68920,jdc:Transcription,
,http://localhost/omk_deleuze/s/cours-bnf/item/68830,skos:Concept,
,http://localhost/omk_deleuze/s/cours-bnf/item/68829,skos:Concept,
,http://localhost/omk_deleuze/s/cours-bnf/item/68828,skos:Concept,
,http://localhost/omk_deleuze/s/cours-bnf/item/68827,skos:Concept,
,http://localhost/omk_deleuze/s/cours-bnf/item/68826,skos:Concept,
,http://localhost/omk_deleuze/s/cours-bnf/item/68825,jdc:Transcription,
,http://localhost/omk_deleuze/s/cours-bnf/item/68758,skos:Concept,
,http://localhost/omk_deleuze/s/cours-bnf/item/68757,skos:Concept,
,http://localhost/omk_deleuze/s/cours-bnf/item/68756,skos:Concept,
,http://localhost/omk_deleuze/s/cours-bnf/item/68755,skos:Concept,
,http://localhost/omk_deleuze/s/cours-bnf/item/68754,jdc:Transcription,
,http://localhost/omk_deleuze/s/cours-bnf/item/68674,skos:Concept,
,http://localhost/omk_deleuze/s/cours-bnf/item/68673,skos:Concept,
,http://localhost/omk_deleuze/s/cours-bnf/item/68672,jdc:Transcription,
,http://localhost/omk_deleuze/s/cours-bnf/item/68546,skos:Concept,
,http://localhost/omk_deleuze/s/cours-bnf/item/68545,skos:Concept,
,http://localhost/omk_deleuze/s/cours-bnf/item/68544,skos:Concept,
,http://localhost/omk_deleuze/s/cours-bnf/item/68543,skos:Concept,
,http://localhost/omk_deleuze/s/cours-bnf/item/68542,jdc:Transcription,
,http://localhost/omk_deleuze/s/cours-bnf/item/68435,skos:Concept,
,http://localhost/omk_deleuze/s/cours-bnf/item/68434,skos:Concept,
,http://localhost/omk_deleuze/s/cours-bnf/item/68433,skos:Concept,
,http://localhost/omk_deleuze/s/cours-bnf/item/68432,skos:Concept,
,http://localhost/omk_deleuze/s/cours-bnf/item/68431,skos:Concept,
,http://localhost/omk_deleuze/s/cours-bnf/item/68430,jdc:Transcription,
,http://localhost/omk_deleuze/s/cours-bnf/item/68301,skos:Concept,
,http://localhost/omk_deleuze/s/cours-bnf/item/68300,skos:Concept,
,http://localhost/omk_deleuze/s/cours-bnf/item/68299,skos:Concept,
,http://localhost/omk_deleuze/s/cours-bnf/item/68298,skos:Concept,
,http://localhost/omk_deleuze/s/cours-bnf/item/68297,skos:Concept,
,http://localhost/omk_deleuze/s/cours-bnf/item/68296,jdc:Transcription,
,http://localhost/omk_deleuze/s/cours-bnf/item/68152,skos:Concept,
,http://localhost/omk_deleuze/s/cours-bnf/item/68151,skos:Concept,
,http://localhost/omk_deleuze/s/cours-bnf/item/68150,skos:Concept,
,http://localhost/omk_deleuze/s/cours-bnf/item/68149,skos:Concept,
,http://localhost/omk_deleuze/s/cours-bnf/item/68148,skos:Concept,
,http://localhost/omk_deleuze/s/cours-bnf/item/68147,skos:Concept,
,http://localhost/omk_deleuze/s/cours-bnf/item/68146,skos:Concept,
,http://localhost/omk_deleuze/s/cours-bnf/item/68145,skos:Concept,
,http://localhost/omk_deleuze/s/cours-bnf/item/68144,skos:Concept,
,http://localhost/omk_deleuze/s/cours-bnf/item/68143,skos:Concept,
,http://localhost/omk_deleuze/s/cours-bnf/item/68142,skos:Concept,
,http://localhost/omk_deleuze/s/cours-bnf/item/68141,skos:Concept,
,http://localhost/omk_deleuze/s/cours-bnf/item/68140,jdc:Transcription,
,http://localhost/omk_deleuze/s/cours-bnf/item/68002,skos:Concept,
,http://localhost/omk_deleuze/s/cours-bnf/item/68001,skos:Concept,
,http://localhost/omk_deleuze/s/cours-bnf/item/68000,skos:Concept,
,http://localhost/omk_deleuze/s/cours-bnf/item/67999,skos:Concept,
,http://localhost/omk_deleuze/s/cours-bnf/item/67998,jdc:Transcription,
,http://localhost/omk_deleuze/s/cours-bnf/item/67875,skos:Concept,
,http://localhost/omk_deleuze/s/cours-bnf/item/67874,skos:Concept,
,http://localhost/omk_deleuze/s/cours-bnf/item/67873,skos:Concept,
,http://localhost/omk_deleuze/s/cours-bnf/item/67872,skos:Concept,
,http://localhost/omk_deleuze/s/cours-bnf/item/67871,skos:Concept,
,http://localhost/omk_deleuze/s/cours-bnf/item/67870,jdc:Transcription,
,http://localhost/omk_deleuze/s/cours-bnf/item/67723,skos:Concept,
,http://localhost/omk_deleuze/s/cours-bnf/item/67722,skos:Concept,
,http://localhost/omk_deleuze/s/cours-bnf/item/67721,skos:Concept,
,http://localhost/omk_deleuze/s/cours-bnf/item/67720,skos:Concept,
,http://localhost/omk_deleuze/s/cours-bnf/item/67719,skos:Concept,
,http://localhost/omk_deleuze/s/cours-bnf/item/67718,skos:Concept,
,http://localhost/omk_deleuze/s/cours-bnf/item/67717,jdc:Transcription,
,http://localhost/omk_deleuze/s/cours-bnf/item/67649,skos:Concept,
,http://localhost/omk_deleuze/s/cours-bnf/item/67648,skos:Concept,
,http://localhost/omk_deleuze/s/cours-bnf/item/67647,skos:Concept,
,http://localhost/omk_deleuze/s/cours-bnf/item/67646,skos:Concept,
,http://localhost/omk_deleuze/s/cours-bnf/item/67645,skos:Concept,
,http://localhost/omk_deleuze/s/cours-bnf/item/67644,skos:Concept,
,http://localhost/omk_deleuze/s/cours-bnf/item/67643,jdc:Transcription,
,http://localhost/omk_deleuze/s/cours-bnf/item/67526,skos:Concept,
,http://localhost/omk_deleuze/s/cours-bnf/item/67525,skos:Concept,
,http://localhost/omk_deleuze/s/cours-bnf/item/67524,skos:Concept,
,http://localhost/omk_deleuze/s/cours-bnf/item/67523,skos:Concept,
,http://localhost/omk_deleuze/s/cours-bnf/item/67522,jdc:Transcription,
,http://localhost/omk_deleuze/s/cours-bnf/item/67418,skos:Concept,
,http://localhost/omk_deleuze/s/cours-bnf/item/67417,jdc:Transcription,
,http://localhost/omk_deleuze/s/cours-bnf/item/67319,skos:Concept,
,http://localhost/omk_deleuze/s/cours-bnf/item/67318,skos:Concept,
,http://localhost/omk_deleuze/s/cours-bnf/item/67317,skos:Concept,
,http://localhost/omk_deleuze/s/cours-bnf/item/67316,skos:Concept,
,http://localhost/omk_deleuze/s/cours-bnf/item/67315,jdc:Transcription,
,http://localhost/omk_deleuze/s/cours-bnf/item/67188,skos:Concept,
,http://localhost/omk_deleuze/s/cours-bnf/item/67187,skos:Concept,
,http://localhost/omk_deleuze/s/cours-bnf/item/67186,skos:Concept,
,http://localhost/omk_deleuze/s/cours-bnf/item/67185,skos:Concept,
,http://localhost/omk_deleuze/s/cours-bnf/item/67184,skos:Concept,
,http://localhost/omk_deleuze/s/cours-bnf/item/67183,jdc:Transcription,
,http://localhost/omk_deleuze/s/cours-bnf/item/67059,skos:Concept,
,http://localhost/omk_deleuze/s/cours-bnf/item/67058,skos:Concept,
,http://localhost/omk_deleuze/s/cours-bnf/item/67057,skos:Concept,
,http://localhost/omk_deleuze/s/cours-bnf/item/67056,jdc:Transcription,
,http://localhost/omk_deleuze/s/cours-bnf/item/66910,skos:Concept,
,http://localhost/omk_deleuze/s/cours-bnf/item/66909,skos:Concept,
,http://localhost/omk_deleuze/s/cours-bnf/item/66908,skos:Concept,
,http://localhost/omk_deleuze/s/cours-bnf/item/66907,skos:Concept,
,http://localhost/omk_deleuze/s/cours-bnf/item/66906,skos:Concept,
,http://localhost/omk_deleuze/s/cours-bnf/item/66905,skos:Concept,
,http://localhost/omk_deleuze/s/cours-bnf/item/66904,jdc:Transcription,
,http://localhost/omk_deleuze/s/cours-bnf/item/66743,skos:Concept,
,http://localhost/omk_deleuze/s/cours-bnf/item/66742,skos:Concept,
,http://localhost/omk_deleuze/s/cours-bnf/item/66741,skos:Concept,
,http://localhost/omk_deleuze/s/cours-bnf/item/66740,skos:Concept,
,http://localhost/omk_deleuze/s/cours-bnf/item/66739,skos:Concept,
,http://localhost/omk_deleuze/s/cours-bnf/item/66738,skos:Concept,
,http://localhost/omk_deleuze/s/cours-bnf/item/66737,skos:Concept,
,http://localhost/omk_deleuze/s/cours-bnf/item/66736,skos:Concept,
,http://localhost/omk_deleuze/s/cours-bnf/item/66735,skos:Concept,
,http://localhost/omk_deleuze/s/cours-bnf/item/66734,skos:Concept,
,http://localhost/omk_deleuze/s/cours-bnf/item/66733,jdc:Transcription,
,http://localhost/omk_deleuze/s/cours-bnf/item/66609,skos:Concept,
,http://localhost/omk_deleuze/s/cours-bnf/item/66608,skos:Concept,
,http://localhost/omk_deleuze/s/cours-bnf/item/66607,skos:Concept,
,http://localhost/omk_deleuze/s/cours-bnf/item/66606,skos:Concept,
,http://localhost/omk_deleuze/s/cours-bnf/item/66605,skos:Concept,
,http://localhost/omk_deleuze/s/cours-bnf/item/66604,skos:Concept,
,http://localhost/omk_deleuze/s/cours-bnf/item/66603,skos:Concept,
,http://localhost/omk_deleuze/s/cours-bnf/item/66602,skos:Concept,
,http://localhost/omk_deleuze/s/cours-bnf/item/66601,jdc:Transcription,
,http://localhost/omk_deleuze/s/cours-bnf/item/66496,skos:Concept,
,http://localhost/omk_deleuze/s/cours-bnf/item/66495,skos:Concept,
,http://localhost/omk_deleuze/s/cours-bnf/item/66494,skos:Concept,
,http://localhost/omk_deleuze/s/cours-bnf/item/66493,skos:Concept,
,http://localhost/omk_deleuze/s/cours-bnf/item/66492,skos:Concept,
,http://localhost/omk_deleuze/s/cours-bnf/item/66491,jdc:Transcription,
,http://localhost/omk_deleuze/s/cours-bnf/item/66364,skos:Concept,
,http://localhost/omk_deleuze/s/cours-bnf/item/66363,skos:Concept,
,http://localhost/omk_deleuze/s/cours-bnf/item/66362,skos:Concept,
,http://localhost/omk_deleuze/s/cours-bnf/item/66361,skos:Concept,
,http://localhost/omk_deleuze/s/cours-bnf/item/66360,skos:Concept,
,http://localhost/omk_deleuze/s/cours-bnf/item/66359,jdc:Transcription,
,http://localhost/omk_deleuze/s/cours-bnf/item/66228,skos:Concept,
,http://localhost/omk_deleuze/s/cours-bnf/item/66227,skos:Concept,
,http://localhost/omk_deleuze/s/cours-bnf/item/66226,skos:Concept,
,http://localhost/omk_deleuze/s/cours-bnf/item/66225,skos:Concept,
,http://localhost/omk_deleuze/s/cours-bnf/item/66224,jdc:Transcription,
,http://localhost/omk_deleuze/s/cours-bnf/item/66060,skos:Concept,
,http://localhost/omk_deleuze/s/cours-bnf/item/66059,skos:Concept,
,http://localhost/omk_deleuze/s/cours-bnf/item/66058,skos:Concept,
,http://localhost/omk_deleuze/s/cours-bnf/item/66057,skos:Concept,
,http://localhost/omk_deleuze/s/cours-bnf/item/66056,skos:Concept,
,http://localhost/omk_deleuze/s/cours-bnf/item/66055,jdc:Transcription,
,http://localhost/omk_deleuze/s/cours-bnf/item/65967,skos:Concept,
,http://localhost/omk_deleuze/s/cours-bnf/item/65966,skos:Concept,
,http://localhost/omk_deleuze/s/cours-bnf/item/65965,skos:Concept,
,http://localhost/omk_deleuze/s/cours-bnf/item/65964,skos:Concept,
,http://localhost/omk_deleuze/s/cours-bnf/item/65963,skos:Concept,
,http://localhost/omk_deleuze/s/cours-bnf/item/65962,jdc:Transcription,
,http://localhost/omk_deleuze/s/cours-bnf/item/65856,skos:Concept,
,http://localhost/omk_deleuze/s/cours-bnf/item/65855,skos:Concept,
,http://localhost/omk_deleuze/s/cours-bnf/item/65854,jdc:Transcription,
,http://localhost/omk_deleuze/s/cours-bnf/item/65712,skos:Concept,
,http://localhost/omk_deleuze/s/cours-bnf/item/65711,skos:Concept,
,http://localhost/omk_deleuze/s/cours-bnf/item/65710,skos:Concept,
,http://localhost/omk_deleuze/s/cours-bnf/item/65709,skos:Concept,
,http://localhost/omk_deleuze/s/cours-bnf/item/65708,skos:Concept,
,http://localhost/omk_deleuze/s/cours-bnf/item/65707,skos:Concept,
,http://localhost/omk_deleuze/s/cours-bnf/item/65706,skos:Concept,
,http://localhost/omk_deleuze/s/cours-bnf/item/65705,skos:Concept,
,http://localhost/omk_deleuze/s/cours-bnf/item/65704,jdc:Transcription,
,http://localhost/omk_deleuze/s/cours-bnf/item/65532,skos:Concept,
,http://localhost/omk_deleuze/s/cours-bnf/item/65531,skos:Concept,
,http://localhost/omk_deleuze/s/cours-bnf/item/65530,skos:Concept,
,http://localhost/omk_deleuze/s/cours-bnf/item/65529,skos:Concept,
,http://localhost/omk_deleuze/s/cours-bnf/item/65528,skos:Concept,
,http://localhost/omk_deleuze/s/cours-bnf/item/65527,skos:Concept,
,http://localhost/omk_deleuze/s/cours-bnf/item/65526,skos:Concept,
,http://localhost/omk_deleuze/s/cours-bnf/item/65525,skos:Concept,
,http://localhost/omk_deleuze/s/cours-bnf/item/65524,skos:Concept,
,http://localhost/omk_deleuze/s/cours-bnf/item/65523,jdc:Transcription,
,http://localhost/omk_deleuze/s/cours-bnf/item/65370,skos:Concept,
,http://localhost/omk_deleuze/s/cours-bnf/item/65369,skos:Concept,
,http://localhost/omk_deleuze/s/cours-bnf/item/65368,skos:Concept,
,http://localhost/omk_deleuze/s/cours-bnf/item/65367,skos:Concept,
,http://localhost/omk_deleuze/s/cours-bnf/item/65366,skos:Concept,
,http://localhost/omk_deleuze/s/cours-bnf/item/65365,skos:Concept,
,http://localhost/omk_deleuze/s/cours-bnf/item/65364,skos:Concept,
,http://localhost/omk_deleuze/s/cours-bnf/item/65363,skos:Concept,
,http://localhost/omk_deleuze/s/cours-bnf/item/65362,skos:Concept,
,http://localhost/omk_deleuze/s/cours-bnf/item/65361,skos:Concept,
,http://localhost/omk_deleuze/s/cours-bnf/item/65360,skos:Concept,
,http://localhost/omk_deleuze/s/cours-bnf/item/65359,skos:Concept,
,http://localhost/omk_deleuze/s/cours-bnf/item/65358,jdc:Transcription,
,http://localhost/omk_deleuze/s/cours-bnf/item/65235,skos:Concept,
,http://localhost/omk_deleuze/s/cours-bnf/item/65234,skos:Concept,
,http://localhost/omk_deleuze/s/cours-bnf/item/65233,skos:Concept,
,http://localhost/omk_deleuze/s/cours-bnf/item/65232,skos:Concept,
,http://localhost/omk_deleuze/s/cours-bnf/item/65231,skos:Concept,
,http://localhost/omk_deleuze/s/cours-bnf/item/65230,skos:Concept,
,http://localhost/omk_deleuze/s/cours-bnf/item/65229,skos:Concept,
,http://localhost/omk_deleuze/s/cours-bnf/item/65228,skos:Concept,
,http://localhost/omk_deleuze/s/cours-bnf/item/65227,jdc:Transcription,
,http://localhost/omk_deleuze/s/cours-bnf/item/65107,skos:Concept,
,http://localhost/omk_deleuze/s/cours-bnf/item/65106,skos:Concept,
,http://localhost/omk_deleuze/s/cours-bnf/item/65105,skos:Concept,
,http://localhost/omk_deleuze/s/cours-bnf/item/65104,skos:Concept,
,http://localhost/omk_deleuze/s/cours-bnf/item/65103,skos:Concept,
,http://localhost/omk_deleuze/s/cours-bnf/item/65102,jdc:Transcription,
,http://localhost/omk_deleuze/s/cours-bnf/item/65002,skos:Concept,
,http://localhost/omk_deleuze/s/cours-bnf/item/65001,skos:Concept,
,http://localhost/omk_deleuze/s/cours-bnf/item/65000,skos:Concept,
,http://localhost/omk_deleuze/s/cours-bnf/item/64999,skos:Concept,
,http://localhost/omk_deleuze/s/cours-bnf/item/64998,skos:Concept,
,http://localhost/omk_deleuze/s/cours-bnf/item/64997,skos:Concept,
,http://localhost/omk_deleuze/s/cours-bnf/item/64996,skos:Concept,
,http://localhost/omk_deleuze/s/cours-bnf/item/64995,skos:Concept,
,http://localhost/omk_deleuze/s/cours-bnf/item/64994,jdc:Transcription,
,http://localhost/omk_deleuze/s/cours-bnf/item/64908,skos:Concept,
,http://localhost/omk_deleuze/s/cours-bnf/item/64907,skos:Concept,
,http://localhost/omk_deleuze/s/cours-bnf/item/64906,jdc:Transcription,
,http://localhost/omk_deleuze/s/cours-bnf/item/64802,skos:Concept,
,http://localhost/omk_deleuze/s/cours-bnf/item/64801,skos:Concept,
,http://localhost/omk_deleuze/s/cours-bnf/item/64800,skos:Concept,
,http://localhost/omk_deleuze/s/cours-bnf/item/64799,skos:Concept,
,http://localhost/omk_deleuze/s/cours-bnf/item/64798,skos:Concept,
,http://localhost/omk_deleuze/s/cours-bnf/item/64797,skos:Concept,
,http://localhost/omk_deleuze/s/cours-bnf/item/64796,jdc:Transcription,
,http://localhost/omk_deleuze/s/cours-bnf/item/64656,skos:Concept,
,http://localhost/omk_deleuze/s/cours-bnf/item/64655,skos:Concept,
,http://localhost/omk_deleuze/s/cours-bnf/item/64654,skos:Concept,
,http://localhost/omk_deleuze/s/cours-bnf/item/64653,skos:Concept,
,http://localhost/omk_deleuze/s/cours-bnf/item/64652,skos:Concept,
,http://localhost/omk_deleuze/s/cours-bnf/item/64651,jdc:Transcription,
,http://localhost/omk_deleuze/s/cours-bnf/item/64513,skos:Concept,
,http://localhost/omk_deleuze/s/cours-bnf/item/64512,skos:Concept,
,http://localhost/omk_deleuze/s/cours-bnf/item/64511,jdc:Transcription,
,http://localhost/omk_deleuze/s/cours-bnf/item/64360,skos:Concept,
,http://localhost/omk_deleuze/s/cours-bnf/item/64359,skos:Concept,
,http://localhost/omk_deleuze/s/cours-bnf/item/64358,skos:Concept,
,http://localhost/omk_deleuze/s/cours-bnf/item/64357,skos:Concept,
,http://localhost/omk_deleuze/s/cours-bnf/item/64356,skos:Concept,
,http://localhost/omk_deleuze/s/cours-bnf/item/64355,skos:Concept,
,http://localhost/omk_deleuze/s/cours-bnf/item/64354,jdc:Transcription,
,http://localhost/omk_deleuze/s/cours-bnf/item/64228,skos:Concept,
,http://localhost/omk_deleuze/s/cours-bnf/item/64227,skos:Concept,
,http://localhost/omk_deleuze/s/cours-bnf/item/64226,skos:Concept,
,http://localhost/omk_deleuze/s/cours-bnf/item/64225,skos:Concept,
,http://localhost/omk_deleuze/s/cours-bnf/item/64224,skos:Concept,
,http://localhost/omk_deleuze/s/cours-bnf/item/64223,skos:Concept,
,http://localhost/omk_deleuze/s/cours-bnf/item/64222,skos:Concept,
,http://localhost/omk_deleuze/s/cours-bnf/item/64221,jdc:Transcription,
,http://localhost/omk_deleuze/s/cours-bnf/item/64126,skos:Concept,
,http://localhost/omk_deleuze/s/cours-bnf/item/64125,skos:Concept,
,http://localhost/omk_deleuze/s/cours-bnf/item/64124,skos:Concept,
,http://localhost/omk_deleuze/s/cours-bnf/item/64123,skos:Concept,
,http://localhost/omk_deleuze/s/cours-bnf/item/64122,skos:Concept,
,http://localhost/omk_deleuze/s/cours-bnf/item/64121,skos:Concept,
,http://localhost/omk_deleuze/s/cours-bnf/item/64120,skos:Concept,
,http://localhost/omk_deleuze/s/cours-bnf/item/64119,jdc:Transcription,
,http://localhost/omk_deleuze/s/cours-bnf/item/64051,skos:Concept,
,http://localhost/omk_deleuze/s/cours-bnf/item/64050,skos:Concept,
,http://localhost/omk_deleuze/s/cours-bnf/item/64049,skos:Concept,
,http://localhost/omk_deleuze/s/cours-bnf/item/64048,skos:Concept,
,http://localhost/omk_deleuze/s/cours-bnf/item/64047,skos:Concept,
,http://localhost/omk_deleuze/s/cours-bnf/item/64046,jdc:Transcription,
,http://localhost/omk_deleuze/s/cours-bnf/item/63931,skos:Concept,
,http://localhost/omk_deleuze/s/cours-bnf/item/63930,skos:Concept,
,http://localhost/omk_deleuze/s/cours-bnf/item/63929,jdc:Transcription,
,http://localhost/omk_deleuze/s/cours-bnf/item/63792,skos:Concept,
,http://localhost/omk_deleuze/s/cours-bnf/item/63791,skos:Concept,
,http://localhost/omk_deleuze/s/cours-bnf/item/63790,skos:Concept,
,http://localhost/omk_deleuze/s/cours-bnf/item/63789,skos:Concept,
,http://localhost/omk_deleuze/s/cours-bnf/item/63788,skos:Concept,
,http://localhost/omk_deleuze/s/cours-bnf/item/63787,skos:Concept,
,http://localhost/omk_deleuze/s/cours-bnf/item/63786,skos:Concept,
,http://localhost/omk_deleuze/s/cours-bnf/item/63785,skos:Concept,
,http://localhost/omk_deleuze/s/cours-bnf/item/63784,skos:Concept,
,http://localhost/omk_deleuze/s/cours-bnf/item/63783,jdc:Transcription,
,http://localhost/omk_deleuze/s/cours-bnf/item/63661,skos:Concept,
,http://localhost/omk_deleuze/s/cours-bnf/item/63660,skos:Concept,
,http://localhost/omk_deleuze/s/cours-bnf/item/63659,skos:Concept,
,http://localhost/omk_deleuze/s/cours-bnf/item/63658,skos:Concept,
,http://localhost/omk_deleuze/s/cours-bnf/item/63657,skos:Concept,
,http://localhost/omk_deleuze/s/cours-bnf/item/63656,jdc:Transcription,
,http://localhost/omk_deleuze/s/cours-bnf/item/63493,skos:Concept,
,http://localhost/omk_deleuze/s/cours-bnf/item/63492,skos:Concept,
,http://localhost/omk_deleuze/s/cours-bnf/item/63491,skos:Concept,
,http://localhost/omk_deleuze/s/cours-bnf/item/63490,skos:Concept,
,http://localhost/omk_deleuze/s/cours-bnf/item/63489,skos:Concept,
,http://localhost/omk_deleuze/s/cours-bnf/item/63488,skos:Concept,
,http://localhost/omk_deleuze/s/cours-bnf/item/63487,skos:Concept,
,http://localhost/omk_deleuze/s/cours-bnf/item/63486,skos:Concept,
,http://localhost/omk_deleuze/s/cours-bnf/item/63485,jdc:Transcription,
,http://localhost/omk_deleuze/s/cours-bnf/item/63334,skos:Concept,
,http://localhost/omk_deleuze/s/cours-bnf/item/63333,skos:Concept,
,http://localhost/omk_deleuze/s/cours-bnf/item/63332,skos:Concept,
,http://localhost/omk_deleuze/s/cours-bnf/item/63331,skos:Concept,
,http://localhost/omk_deleuze/s/cours-bnf/item/63330,skos:Concept,
,http://localhost/omk_deleuze/s/cours-bnf/item/63329,skos:Concept,
,http://localhost/omk_deleuze/s/cours-bnf/item/63328,skos:Concept,
,http://localhost/omk_deleuze/s/cours-bnf/item/63327,jdc:Transcription,
,http://localhost/omk_deleuze/s/cours-bnf/item/63189,skos:Concept,
,http://localhost/omk_deleuze/s/cours-bnf/item/63188,skos:Concept,
,http://localhost/omk_deleuze/s/cours-bnf/item/63187,skos:Concept,
,http://localhost/omk_deleuze/s/cours-bnf/item/63186,skos:Concept,
,http://localhost/omk_deleuze/s/cours-bnf/item/63185,skos:Concept,
,http://localhost/omk_deleuze/s/cours-bnf/item/63184,skos:Concept,
,http://localhost/omk_deleuze/s/cours-bnf/item/63183,skos:Concept,
,http://localhost/omk_deleuze/s/cours-bnf/item/63182,skos:Concept,
,http://localhost/omk_deleuze/s/cours-bnf/item/63181,jdc:Transcription,
,http://localhost/omk_deleuze/s/cours-bnf/item/63093,skos:Concept,
,http://localhost/omk_deleuze/s/cours-bnf/item/63018,bibo:Conference,
,http://localhost/omk_deleuze/s/cours-bnf/item/62784,,
,http://localhost/omk_deleuze/s/cours-bnf/item/62778,bibo:Note,
,http://localhost/omk_deleuze/s/cours-bnf/item/62771,jdc:Transcription,
,http://localhost/omk_deleuze/s/cours-bnf/item/62669,jdc:Transcription,
,http://localhost/omk_deleuze/s/cours-bnf/item/62579,skos:Concept,
,http://localhost/omk_deleuze/s/cours-bnf/item/62578,skos:Concept,
,http://localhost/omk_deleuze/s/cours-bnf/item/62577,jdc:Transcription,
,http://localhost/omk_deleuze/s/cours-bnf/item/62426,skos:Concept,
,http://localhost/omk_deleuze/s/cours-bnf/item/62425,skos:Concept,
,http://localhost/omk_deleuze/s/cours-bnf/item/62424,jdc:Transcription,
,http://localhost/omk_deleuze/s/cours-bnf/item/62292,skos:Concept,
,http://localhost/omk_deleuze/s/cours-bnf/item/62291,skos:Concept,
,http://localhost/omk_deleuze/s/cours-bnf/item/62290,skos:Concept,
,http://localhost/omk_deleuze/s/cours-bnf/item/62289,jdc:Transcription,
,http://localhost/omk_deleuze/s/cours-bnf/item/62183,skos:Concept,
,http://localhost/omk_deleuze/s/cours-bnf/item/62182,skos:Concept,
,http://localhost/omk_deleuze/s/cours-bnf/item/62181,skos:Concept,
,http://localhost/omk_deleuze/s/cours-bnf/item/62180,skos:Concept,
,http://localhost/omk_deleuze/s/cours-bnf/item/62179,skos:Concept,
,http://localhost/omk_deleuze/s/cours-bnf/item/62178,skos:Concept,
,http://localhost/omk_deleuze/s/cours-bnf/item/62177,skos:Concept,
,http://localhost/omk_deleuze/s/cours-bnf/item/62176,jdc:Transcription,
,http://localhost/omk_deleuze/s/cours-bnf/item/62058,skos:Concept,
,http://localhost/omk_deleuze/s/cours-bnf/item/62057,skos:Concept,
,http://localhost/omk_deleuze/s/cours-bnf/item/62056,jdc:Transcription,
,http://localhost/omk_deleuze/s/cours-bnf/item/62020,skos:Concept,
,http://localhost/omk_deleuze/s/cours-bnf/item/62019,jdc:Transcription,
,http://localhost/omk_deleuze/s/cours-bnf/item/61964,jdc:Transcription,
,http://localhost/omk_deleuze/s/cours-bnf/item/61916,jdc:Transcription,
,http://localhost/omk_deleuze/s/cours-bnf/item/61868,jdc:Transcription,
,http://localhost/omk_deleuze/s/cours-bnf/item/61812,skos:Concept,
,http://localhost/omk_deleuze/s/cours-bnf/item/61811,skos:Concept,
,http://localhost/omk_deleuze/s/cours-bnf/item/61810,jdc:Transcription,
,http://localhost/omk_deleuze/s/cours-bnf/item/61715,skos:Concept,
,http://localhost/omk_deleuze/s/cours-bnf/item/61714,skos:Concept,
,http://localhost/omk_deleuze/s/cours-bnf/item/61713,skos:Concept,
,http://localhost/omk_deleuze/s/cours-bnf/item/61712,skos:Concept,
,http://localhost/omk_deleuze/s/cours-bnf/item/61711,jdc:Transcription,
,http://localhost/omk_deleuze/s/cours-bnf/item/61569,skos:Concept,
,http://localhost/omk_deleuze/s/cours-bnf/item/61568,jdc:Transcription,
,http://localhost/omk_deleuze/s/cours-bnf/item/61435,skos:Concept,
,http://localhost/omk_deleuze/s/cours-bnf/item/61434,skos:Concept,
,http://localhost/omk_deleuze/s/cours-bnf/item/61433,skos:Concept,
,http://localhost/omk_deleuze/s/cours-bnf/item/61432,skos:Concept,
,http://localhost/omk_deleuze/s/cours-bnf/item/61431,jdc:Transcription,
,http://localhost/omk_deleuze/s/cours-bnf/item/61335,skos:Concept,
,http://localhost/omk_deleuze/s/cours-bnf/item/61334,skos:Concept,
,http://localhost/omk_deleuze/s/cours-bnf/item/61333,skos:Concept,
,http://localhost/omk_deleuze/s/cours-bnf/item/61332,skos:Concept,
,http://localhost/omk_deleuze/s/cours-bnf/item/61331,jdc:Transcription,
,http://localhost/omk_deleuze/s/cours-bnf/item/61232,skos:Concept,
,http://localhost/omk_deleuze/s/cours-bnf/item/61231,skos:Concept,
,http://localhost/omk_deleuze/s/cours-bnf/item/61230,skos:Concept,
,http://localhost/omk_deleuze/s/cours-bnf/item/61229,jdc:Transcription,
,http://localhost/omk_deleuze/s/cours-bnf/item/61142,skos:Concept,
,http://localhost/omk_deleuze/s/cours-bnf/item/61141,skos:Concept,
,http://localhost/omk_deleuze/s/cours-bnf/item/61140,skos:Concept,
,http://localhost/omk_deleuze/s/cours-bnf/item/61139,jdc:Transcription,
,http://localhost/omk_deleuze/s/cours-bnf/item/61034,skos:Concept,
,http://localhost/omk_deleuze/s/cours-bnf/item/61033,skos:Concept,
,http://localhost/omk_deleuze/s/cours-bnf/item/61032,skos:Concept,
,http://localhost/omk_deleuze/s/cours-bnf/item/61031,jdc:Transcription,
,http://localhost/omk_deleuze/s/cours-bnf/item/60876,skos:Concept,
,http://localhost/omk_deleuze/s/cours-bnf/item/60875,jdc:Transcription,
,http://localhost/omk_deleuze/s/cours-bnf/item/60770,skos:Concept,
,http://localhost/omk_deleuze/s/cours-bnf/item/60769,jdc:Transcription,
,http://localhost/omk_deleuze/s/cours-bnf/item/60671,skos:Concept,
,http://localhost/omk_deleuze/s/cours-bnf/item/60670,jdc:Transcription,
,http://localhost/omk_deleuze/s/cours-bnf/item/60581,skos:Concept,
,http://localhost/omk_deleuze/s/cours-bnf/item/60580,skos:Concept,
,http://localhost/omk_deleuze/s/cours-bnf/item/60579,skos:Concept,
,http://localhost/omk_deleuze/s/cours-bnf/item/60578,jdc:Transcription,
,http://localhost/omk_deleuze/s/cours-bnf/item/60456,skos:Concept,
,http://localhost/omk_deleuze/s/cours-bnf/item/60455,skos:Concept,
,http://localhost/omk_deleuze/s/cours-bnf/item/60454,skos:Concept,
,http://localhost/omk_deleuze/s/cours-bnf/item/60453,jdc:Transcription,
,http://localhost/omk_deleuze/s/cours-bnf/item/60293,skos:Concept,
,http://localhost/omk_deleuze/s/cours-bnf/item/60292,skos:Concept,
,http://localhost/omk_deleuze/s/cours-bnf/item/60291,skos:Concept,
,http://localhost/omk_deleuze/s/cours-bnf/item/60290,skos:Concept,
,http://localhost/omk_deleuze/s/cours-bnf/item/60289,jdc:Transcription,
,http://localhost/omk_deleuze/s/cours-bnf/item/60180,skos:Concept,
,http://localhost/omk_deleuze/s/cours-bnf/item/60179,jdc:Transcription,
,http://localhost/omk_deleuze/s/cours-bnf/item/60100,skos:Concept,
,http://localhost/omk_deleuze/s/cours-bnf/item/60099,skos:Concept,
,http://localhost/omk_deleuze/s/cours-bnf/item/60098,skos:Concept,
,http://localhost/omk_deleuze/s/cours-bnf/item/60097,jdc:Transcription,
,http://localhost/omk_deleuze/s/cours-bnf/item/59971,skos:Concept,
,http://localhost/omk_deleuze/s/cours-bnf/item/59970,jdc:Transcription,
,http://localhost/omk_deleuze/s/cours-bnf/item/59850,skos:Concept,
,http://localhost/omk_deleuze/s/cours-bnf/item/59849,skos:Concept,
,http://localhost/omk_deleuze/s/cours-bnf/item/59848,skos:Concept,
,http://localhost/omk_deleuze/s/cours-bnf/item/59847,skos:Concept,
,http://localhost/omk_deleuze/s/cours-bnf/item/59846,skos:Concept,
,http://localhost/omk_deleuze/s/cours-bnf/item/59845,skos:Concept,
,http://localhost/omk_deleuze/s/cours-bnf/item/59844,skos:Concept,
,http://localhost/omk_deleuze/s/cours-bnf/item/59843,jdc:Transcription,
,http://localhost/omk_deleuze/s/cours-bnf/item/59711,skos:Concept,
,http://localhost/omk_deleuze/s/cours-bnf/item/59710,skos:Concept,
,http://localhost/omk_deleuze/s/cours-bnf/item/59709,skos:Concept,
,http://localhost/omk_deleuze/s/cours-bnf/item/59708,jdc:Transcription,
,http://localhost/omk_deleuze/s/cours-bnf/item/59622,skos:Concept,
,http://localhost/omk_deleuze/s/cours-bnf/item/59621,jdc:Transcription,
,http://localhost/omk_deleuze/s/cours-bnf/item/59482,skos:Concept,
,http://localhost/omk_deleuze/s/cours-bnf/item/59481,skos:Concept,
,http://localhost/omk_deleuze/s/cours-bnf/item/59480,jdc:Transcription,
,http://localhost/omk_deleuze/s/cours-bnf/item/59428,skos:Concept,
,http://localhost/omk_deleuze/s/cours-bnf/item/59427,jdc:Transcription,
,http://localhost/omk_deleuze/s/cours-bnf/item/59349,skos:Concept,
,http://localhost/omk_deleuze/s/cours-bnf/item/59348,skos:Concept,
,http://localhost/omk_deleuze/s/cours-bnf/item/59347,skos:Concept,
,http://localhost/omk_deleuze/s/cours-bnf/item/59346,skos:Concept,
,http://localhost/omk_deleuze/s/cours-bnf/item/59345,jdc:Transcription,
,http://localhost/omk_deleuze/s/cours-bnf/item/59240,skos:Concept,
,http://localhost/omk_deleuze/s/cours-bnf/item/59239,jdc:Transcription,
,http://localhost/omk_deleuze/s/cours-bnf/item/59163,skos:Concept,
,http://localhost/omk_deleuze/s/cours-bnf/item/59162,skos:Concept,
,http://localhost/omk_deleuze/s/cours-bnf/item/59161,jdc:Transcription,
,http://localhost/omk_deleuze/s/cours-bnf/item/59082,skos:Concept,
,http://localhost/omk_deleuze/s/cours-bnf/item/59081,jdc:Transcription,
,http://localhost/omk_deleuze/s/cours-bnf/item/58961,skos:Concept,
,http://localhost/omk_deleuze/s/cours-bnf/item/58960,jdc:Transcription,
,http://localhost/omk_deleuze/s/cours-bnf/item/58869,jdc:Transcription,
,http://localhost/omk_deleuze/s/cours-bnf/item/58795,skos:Concept,
,http://localhost/omk_deleuze/s/cours-bnf/item/58794,skos:Concept,
,http://localhost/omk_deleuze/s/cours-bnf/item/58793,jdc:Transcription,
,http://localhost/omk_deleuze/s/cours-bnf/item/58718,skos:Concept,
,http://localhost/omk_deleuze/s/cours-bnf/item/58717,jdc:Transcription,
,http://localhost/omk_deleuze/s/cours-bnf/item/58662,jdc:Transcription,
,http://localhost/omk_deleuze/s/cours-bnf/item/58538,skos:Concept,
,http://localhost/omk_deleuze/s/cours-bnf/item/58537,skos:Concept,
,http://localhost/omk_deleuze/s/cours-bnf/item/58536,skos:Concept,
,http://localhost/omk_deleuze/s/cours-bnf/item/58535,skos:Concept,
,http://localhost/omk_deleuze/s/cours-bnf/item/58534,skos:Concept,
,http://localhost/omk_deleuze/s/cours-bnf/item/58533,skos:Concept,
,http://localhost/omk_deleuze/s/cours-bnf/item/58532,jdc:Transcription,
,http://localhost/omk_deleuze/s/cours-bnf/item/58420,jdc:Transcription,
,http://localhost/omk_deleuze/s/cours-bnf/item/58294,jdc:Transcription,
,http://localhost/omk_deleuze/s/cours-bnf/item/58183,skos:Concept,
,http://localhost/omk_deleuze/s/cours-bnf/item/58182,skos:Concept,
,http://localhost/omk_deleuze/s/cours-bnf/item/58181,jdc:Transcription,
,http://localhost/omk_deleuze/s/cours-bnf/item/58098,skos:Concept,
,http://localhost/omk_deleuze/s/cours-bnf/item/58097,skos:Concept,
,http://localhost/omk_deleuze/s/cours-bnf/item/58096,jdc:Transcription,
,http://localhost/omk_deleuze/s/cours-bnf/item/57983,skos:Concept,
,http://localhost/omk_deleuze/s/cours-bnf/item/57982,skos:Concept,
,http://localhost/omk_deleuze/s/cours-bnf/item/57981,skos:Concept,
,http://localhost/omk_deleuze/s/cours-bnf/item/57980,jdc:Transcription,
,http://localhost/omk_deleuze/s/cours-bnf/item/57867,skos:Concept,
,http://localhost/omk_deleuze/s/cours-bnf/item/57866,skos:Concept,
,http://localhost/omk_deleuze/s/cours-bnf/item/57865,skos:Concept,
,http://localhost/omk_deleuze/s/cours-bnf/item/57864,skos:Concept,
,http://localhost/omk_deleuze/s/cours-bnf/item/57863,jdc:Transcription,
,http://localhost/omk_deleuze/s/cours-bnf/item/57726,skos:Concept,
,http://localhost/omk_deleuze/s/cours-bnf/item/57725,skos:Concept,
,http://localhost/omk_deleuze/s/cours-bnf/item/57724,skos:Concept,
,http://localhost/omk_deleuze/s/cours-bnf/item/57723,skos:Concept,
,http://localhost/omk_deleuze/s/cours-bnf/item/57722,skos:Concept,
,http://localhost/omk_deleuze/s/cours-bnf/item/57721,jdc:Transcription,
,http://localhost/omk_deleuze/s/cours-bnf/item/57611,skos:Concept,
,http://localhost/omk_deleuze/s/cours-bnf/item/57610,skos:Concept,
,http://localhost/omk_deleuze/s/cours-bnf/item/57609,jdc:Transcription,
,http://localhost/omk_deleuze/s/cours-bnf/item/57534,skos:Concept,
,http://localhost/omk_deleuze/s/cours-bnf/item/57533,skos:Concept,
,http://localhost/omk_deleuze/s/cours-bnf/item/57532,skos:Concept,
,http://localhost/omk_deleuze/s/cours-bnf/item/57531,skos:Concept,
,http://localhost/omk_deleuze/s/cours-bnf/item/57530,skos:Concept,
,http://localhost/omk_deleuze/s/cours-bnf/item/57529,jdc:Transcription,
,http://localhost/omk_deleuze/s/cours-bnf/item/57376,skos:Concept,
,http://localhost/omk_deleuze/s/cours-bnf/item/57375,skos:Concept,
,http://localhost/omk_deleuze/s/cours-bnf/item/57374,skos:Concept,
,http://localhost/omk_deleuze/s/cours-bnf/item/57373,skos:Concept,
,http://localhost/omk_deleuze/s/cours-bnf/item/57372,skos:Concept,
